22080,22081,0,9.1564
22081,22082,1,9.1564
22082,22083,3,7.48775
22083,22283,4,7.90272
22082,22282,4,7.90272
22081,22281,4,8.00081
22080,22280,4,8.00081
22283,22483,5,10.0765
22282,22482,5,10.0765
22281,22481,5,10.0765
22280,22480,5,10.0765
22480,22479,7,4.61341
22280,22279,7,4.61341
22080,22279,7,2.14801
22080,22079,7,4.61341
22482,22681,8,2.14986
22481,22680,8,2.14986
22480,22679,8,2.14986
22483,22682,8,2.14986
22679,22678,9,7.51064
22079,22078,9,8.05659
22279,22278,9,8.05659
22479,22478,9,8.05659
22678,22677,10,5.1682
22078,22077,10,5.72715
22278,22277,10,5.72715
22478,22477,10,5.72715
22677,22676,12,3.04793
22277,22276,12,3.24245
22477,22476,12,3.24245
22679,22878,12,2.56962
22077,22076,12,3.24245
22676,22475,13,7.36875
22676,22875,13,9.53642
22676,22675,13,22.5407
22878,22877,13,9.24489
22678,22877,13,1.50339
22681,22880,13,1.44174
22680,22879,13,1.44174
22476,22275,13,7.57365
22476,22675,13,9.27763
22476,22475,13,22.6777
22076,22075,13,9.83684
22276,22275,13,9.83684
22682,22881,13,1.44174
22080,21879,14,0.751194
22080,21881,14,0.278364
22082,21881,14,0.781777
22081,21880,14,0.751194
22677,22876,14,4.26922
22676,22876,14,8.27333
22682,22882,15,3.08678
22283,22484,15,4.07414
22083,21882,15,0.276726
22083,22284,15,4.20891
22483,22683,15,2.9808
22683,22883,16,16.5917
22683,22884,16,13.1749
22683,22684,16,5.33373
21879,21679,16,2.44098
21879,21680,16,3.1081
21879,21878,16,3.47679
22876,23076,16,4.86426
22875,23075,16,4.7195
22682,22883,16,2.47174
22483,22684,16,2.5239
22881,23081,16,4.7195
22880,23080,16,4.86426
22878,23078,16,4.86426
22878,23077,16,0.757608
22879,23079,16,4.86426
22877,23077,16,4.86426
23076,23276,17,5.91802
23075,23275,17,5.91802
23077,23277,17,5.91802
22882,23082,17,5.81787
21879,21678,17,2.88686
22884,23084,17,5.91802
22883,23083,17,5.81787
22875,23074,17,2.07056
21679,21678,17,5.04173
23079,23279,17,5.91802
23080,23280,17,5.91802
22275,22474,17,2.09377
23081,23281,17,5.91802
21878,21877,17,5.04173
22881,23082,17,0.824328
22475,22674,17,2.09377
22675,22874,17,2.07056
23078,23278,17,5.91802
22075,22274,17,2.09377
23083,23282,18,8.91366
22474,22673,18,8.21307
23276,23475,18,8.91366
21678,21677,18,10.6252
22674,22873,18,8.21307
23275,23474,18,8.91366
23279,23478,18,8.55148
23084,23283,18,8.91366
21877,21876,18,10.6252
23281,23480,18,8.91366
22274,22473,18,8.21307
23277,23476,18,8.55148
23075,23274,18,8.91366
22684,22885,18,3.13267
22684,22685,18,2.06624
23074,23273,18,8.55148
22874,23073,18,21.4303
22874,22873,18,10.1499
23278,23477,18,8.55148
22075,22074,18,1.62307
23282,23481,19,12.1276
23073,23272,19,27.2815
23073,23072,19,8.47345
22074,22273,19,26.4705
22074,22073,19,8.85699
23478,23677,19,11.408
21876,21875,19,8.85699
23480,23679,19,11.408
23476,23675,19,11.7594
22473,22672,19,11.408
23477,23676,19,11.408
23274,23473,19,12.1276
23475,23674,19,12.1276
23273,23472,19,11.7594
23474,23673,19,12.1276
21679,21479,19,1.74585
21679,21478,19,2.98942
22873,23072,19,26.8263
22873,22872,19,8.68579
22673,22872,19,11.408
22073,22272,20,22.571
22073,22072,20,5.17581
23472,23672,20,11.9182
23472,23671,20,22.2498
21875,21874,20,5.17581
21678,21477,20,2.24162
21877,21676,20,2.24162
22684,22485,20,1.40328
21679,21480,20,1.43435
23677,23876,21,3.2456
22273,22472,21,3.2456
22872,23071,21,3.22217
23072,23271,21,3.22217
23472,23471,21,3.42016
23478,23678,21,4.55158
23673,23873,21,4.72584
23673,23872,21,3.17462
22685,22886,21,3.97449
22685,22686,21,1.82909
23674,23874,21,4.72584
23674,23873,21,3.17462
23084,23284,21,4.72584
22885,23085,21,4.72584
23272,23471,21,3.1969
23676,23876,21,4.55158
23676,23875,21,3.22217
22083,22084,21,0.28681
23675,23875,21,4.63685
23675,23874,21,3.1969
22672,22871,21,3.22217
22082,21883,21,0.20311
23875,24075,22,6.60375
23085,23285,22,6.82999
22886,23086,22,6.82999
21876,21675,22,1.46913
23873,24073,22,6.82999
21480,21681,22,3.94355
23671,23871,22,6.82999
21874,21873,22,2.89256
22074,21873,22,1.46913
23874,24074,22,6.71507
23872,24072,22,23.6377
23872,24071,22,11.8979
23086,23286,23,12.0123
24074,24274,23,12.0123
24073,24273,23,12.1762
24071,24271,23,32.7942
24071,24270,23,8.77862
24072,24272,23,32.7942
24072,24271,23,8.77862
23871,24070,23,8.77862
22686,22887,23,4.70774
22272,22471,23,1.89644
21479,21279,23,1.09205
21480,21481,23,1.83936
22072,22271,23,1.89644
23671,23870,23,1.90248
24270,24470,24,32.3206
24270,24471,24,8.20902
22471,22671,24,12.9892
22887,23087,24,13.4823
21481,21682,24,8.28977
22686,22687,24,2.49574
22685,22486,24,1.42009
21875,21674,24,1.33479
24272,24472,24,33.5027
24272,24473,24,8.00841
24273,24473,24,14.1381
21479,21278,24,1.33479
22073,21872,24,1.33479
24274,24474,24,14.1381
24271,24471,24,32.8786
24271,24472,24,8.11439
24472,24672,25,18.1334
24472,24673,25,15.1566
24474,24674,25,5.04032
23870,24069,25,3.71797
24270,24469,25,3.71797
24070,24269,25,3.71797
21481,21482,25,3.4412
24471,24671,25,17.8788
24471,24672,25,15.3524
21479,21280,25,1.68345
21480,21280,25,1.24177
24470,24670,25,17.697
24470,24671,25,15.4939
21874,21673,25,1.25429
24674,24874,26,8.55389
21482,21683,26,10.9588
24672,24872,26,24.2858
24672,24873,26,10.8319
24673,24873,26,8.29041
24671,24871,26,23.9195
24671,24872,26,10.9588
24670,24870,26,23.6529
24670,24871,26,11.0505
23087,23287,26,8.05961
23870,23869,26,2.16912
24469,24669,26,23.6529
23086,23287,26,2.00743
22686,22487,26,1.7109
22084,22285,26,2.04563
21480,21281,26,1.75842
24470,24669,26,5.20459
23271,23470,26,0.81495
23471,23670,26,0.81495
24870,25070,27,22.3913
24870,25071,27,7.6007
24870,25069,27,9.37303
23869,24068,27,9.37303
24872,25072,27,22.3913
24872,25073,27,7.6007
24872,25071,27,9.37303
24669,24869,27,22.1361
24669,24868,27,9.43411
24871,25071,27,22.3913
24871,25072,27,7.6007
24871,25070,27,9.37303
24873,25073,27,9.92107
24874,25074,27,10.0659
23470,23669,27,9.37303
21673,21672,27,3.603
24069,24268,27,9.37303
24069,24068,27,3.5547
21482,21483,27,3.15956
24269,24468,27,9.43411
24269,24268,27,3.603
24670,24869,27,9.43411
22887,23088,27,1.04284
24469,24668,27,9.43411
24469,24468,27,3.603
21873,21672,27,2.17709
23071,23270,27,1.40393
22871,23070,27,1.40393
25072,25272,28,17.1159
25072,25271,28,13.6427
24869,25068,28,13.7934
25069,25269,28,16.7032
25069,25268,28,13.7934
25069,25068,28,5.13075
25070,25270,28,16.7032
25070,25269,28,13.7934
21672,21871,28,13.7934
21672,21671,28,5.13075
25073,25273,28,17.3622
25073,25272,28,13.5622
25071,25271,28,16.8861
25071,25270,28,13.724
23869,23868,28,5.04711
23470,23469,28,5.04711
21281,21282,28,3.07798
21673,21473,28,2.17428
21482,21282,28,2.13851
21280,21080,28,2.17428
24068,24267,28,13.7934
24068,24067,28,5.13075
22687,22888,28,0.709015
21481,21282,28,2.20278
24468,24667,28,13.7934
24468,24467,28,5.13075
21674,21474,28,2.17428
21674,21473,28,2.81389
21674,21475,28,2.23567
23669,23868,28,13.724
23669,23668,28,5.04711
24668,24867,28,13.7934
24668,24667,28,5.13075
24868,25068,28,16.7032
24868,25067,28,13.7934
24868,24867,28,5.13075
24268,24467,28,13.7934
24268,24267,28,5.13075
25273,25473,29,18.0995
25273,25472,29,12.1063
25269,25469,29,17.5869
25269,25468,29,12.2485
25268,25468,29,17.8322
25268,25467,29,12.1766
25270,25470,29,17.3946
25270,25471,29,7.09095
25270,25469,29,12.3105
25272,25472,29,17.5869
25272,25471,29,12.2485
25068,25267,29,12.3105
21473,21472,29,5.04173
24267,24466,29,12.3105
24267,24266,29,5.04173
25271,25471,29,17.3946
25271,25472,29,7.09095
25271,25470,29,12.3105
21080,21079,29,5.04173
24067,24266,29,12.3105
24067,24066,29,5.04173
25073,25274,29,6.93541
21483,21684,29,7.05501
21483,21484,29,3.48957
25074,25274,29,6.01351
24867,25066,29,12.3105
24867,24866,29,5.04173
23470,23269,29,2.88686
25067,25267,29,17.3946
25067,25266,29,12.3105
25067,25066,29,5.04173
21281,21081,29,2.35983
24467,24666,29,12.3105
24467,24466,29,5.04173
21673,21472,29,2.93924
21482,21283,29,2.46004
21280,21079,29,2.93924
21280,21081,29,2.49989
22671,22870,29,2.09377
21671,21870,29,12.3105
21671,21670,29,5.04173
21872,22071,29,2.11529
23668,23867,29,12.3105
23668,23667,29,5.04173
22271,22470,29,2.11529
23868,23867,29,5.04173
22471,22670,29,2.09377
21871,22071,29,5.63371
24667,24866,29,12.3105
24667,24666,29,5.04173
21684,21884,30,7.0869
21870,22070,30,6.99612
21670,21869,30,11.214
25467,25668,30,7.22676
25468,25668,30,19.491
25468,25669,30,7.31508
25274,25474,30,7.41035
25266,25466,30,19.491
24266,24465,30,11.214
25267,25466,30,11.0775
24066,24265,30,11.214
21484,21685,30,7.45215
23667,23866,30,11.214
25273,25474,30,7.31508
21475,21476,30,3.54201
25473,25673,30,18.9258
25473,25674,30,7.45215
25473,25672,30,11.1509
24466,24665,30,11.214
21672,21471,30,2.7128
25472,25672,30,18.7166
25472,25673,30,7.49431
25472,25671,30,11.214
21281,21082,30,2.42199
25471,25671,30,18.9258
25471,25672,30,7.45215
25471,25670,30,11.1509
25469,25669,30,19.1949
25469,25670,30,7.39068
25469,25668,30,11.0775
25470,25670,30,18.9258
25470,25671,30,7.45215
25470,25669,30,11.1509
25066,25265,30,11.1509
23669,23468,30,2.66652
24866,25065,30,11.214
23469,23468,30,4.48167
25671,25871,31,14.443
25671,25870,31,15.1755
25673,25873,31,14.0305
25673,25872,31,15.2088
25670,25870,31,14.6514
25672,25872,31,14.2345
25672,25871,31,15.1897
21283,21284,31,3.43528
23468,23467,31,6.8025
21670,21669,31,6.8025
24066,24065,31,6.8025
21484,21485,31,3.43528
23667,23666,31,6.8025
21475,21275,31,2.76452
21475,21274,31,3.70813
21475,21276,31,2.70834
21282,21083,31,2.70834
21473,21273,31,2.76452
21473,21272,31,3.70813
21473,21274,31,2.70834
21080,20880,31,2.76452
21080,20879,31,3.70813
21080,20881,31,2.70834
25674,25874,31,13.8389
25674,25873,31,15.2308
21483,21284,31,2.66568
21471,21470,31,6.8025
24465,24664,31,15.2515
24465,24464,31,6.8025
21671,21470,31,3.70813
25065,25064,31,6.52885
23668,23467,31,3.70813
24665,24865,31,13.6855
24665,24864,31,15.2515
24665,24664,31,6.8025
24866,24865,31,6.8025
23469,23268,31,3.63432
21474,21274,31,2.76452
21474,21273,31,3.70813
21474,21275,31,2.70834
20879,21078,32,12.8601
20879,20878,32,17.751
23666,23665,32,5.21977
21669,21868,32,12.8601
21669,21668,32,17.751
25874,26074,32,5.17042
21869,21868,32,5.21977
23866,23865,32,5.21977
24864,25063,32,12.8601
24864,24863,32,17.751
23467,23466,32,17.751
22070,22069,32,5.21977
24664,24863,32,12.8601
24664,24663,32,17.751
21870,22069,32,2.30859
25474,25675,32,2.71591
25474,25475,32,2.10925
21283,21084,32,2.20773
23468,23267,32,6.39964
22071,22270,32,2.30859
21670,21469,32,6.39964
21472,21271,32,6.39964
21272,21271,32,17.751
24066,23865,32,6.39964
22470,22669,32,2.30859
22470,22469,32,5.21977
21484,21285,32,2.20773
23667,23466,32,6.39964
21082,20882,32,3.13482
21079,21078,32,5.21977
21081,20882,32,2.22607
22870,23069,32,2.40074
22870,22869,32,4.99224
22670,22869,32,2.40074
22670,22669,32,4.99224
25674,25875,32,2.70653
25674,25675,32,2.11877
21471,21271,32,3.13482
21471,21270,32,6.39964
23070,23069,32,4.99224
21470,21469,32,17.751
21278,21277,32,5.21977
22271,22270,32,5.21977
23268,23267,32,5.21977
21275,21075,33,3.29877
21275,21074,33,6.15801
20880,20680,33,3.29877
20880,20679,33,6.15801
20879,20679,33,3.29877
20879,20678,33,6.15801
20881,20681,33,3.29877
20881,20680,33,6.15801
21274,21074,33,3.29877
21274,21073,33,6.15801
21669,21468,33,6.15801
21869,22068,33,3.12744
22469,22668,33,14.4603
22469,22468,33,15.2744
23467,23266,33,6.15801
22070,22269,33,3.12744
25875,26075,33,6.10056
23267,23266,33,15.2744
25474,25275,33,2.4106
21083,20883,33,3.29877
21272,21072,33,3.29877
21272,21071,33,6.15801
21082,20883,33,2.46745
21273,21073,33,3.29877
21273,21072,33,6.15801
21668,21667,34,3.47853
20878,20877,34,3.47853
21078,21077,34,3.47853
21285,21085,34,3.11635
23069,23068,34,3.3282
23466,23465,34,3.47853
23665,23664,34,3.47853
21084,20884,34,3.16481
20882,20682,34,3.16481
21868,21867,34,3.47853
21485,21686,34,3.14232
21485,21486,34,2.35966
21271,21070,34,5.91517
22469,22268,34,5.91517
23267,23067,34,3.16481
23267,23066,34,5.91517
22869,22868,34,3.3282
20680,20480,35,3.00329
20680,20479,35,5.50823
20681,20481,35,3.00329
20681,20480,35,5.50823
20678,20677,35,2.9722
22068,22267,35,3.88652
22068,22067,35,2.9722
22468,22667,35,3.88652
22468,22467,35,2.9722
21285,21286,35,2.32173
21084,20885,35,2.29693
20882,20683,35,2.29693
21868,22067,35,3.88652
21275,21076,35,2.29693
21485,21286,35,2.27412
22668,22867,35,3.88652
22668,22667,35,2.9722
23266,23265,35,2.9722
21685,21885,35,0.686855
25875,26076,35,3.16901
25875,25876,35,2.2865
25675,25876,35,3.16108
25675,25676,35,2.32173
20883,20683,35,3.00329
20877,20876,36,3.87126
23664,23663,36,3.87126
23066,23065,36,3.87126
23067,22866,36,6.17049
21867,21866,36,3.87126
20682,20482,36,3.25405
20884,20684,36,3.25405
20681,20482,36,2.41255
23465,23464,36,3.87126
21285,21086,36,2.38967
25675,25476,36,2.38967
20883,20684,36,2.41255
20876,20875,37,6.76963
23065,23064,37,6.76963
20684,20484,37,5.85799
20684,20483,37,10.1234
20482,20282,37,5.85799
20482,20281,37,10.1234
20479,20478,37,6.76963
23663,23662,37,6.76963
20677,20676,37,6.76963
22667,22666,37,6.76963
23464,23463,37,6.76963
22067,22066,37,6.76963
22267,22266,37,6.76963
23664,23863,37,1.64326
21867,22066,37,1.64326
22467,22466,37,6.76963
20682,20483,37,4.17402
20884,20685,37,4.17402
23265,23264,37,6.76963
25676,25877,37,4.34097
25676,25677,37,3.76836
25876,26077,37,4.34097
25876,25877,37,3.76836
20683,20483,37,5.85799
22084,22085,37,0.266649
22866,22865,37,6.76963
20282,20081,38,8.16491
20484,20283,38,8.16491
20684,20485,38,3.76354
20482,20283,38,3.76354
25676,25477,38,3.71784
20081,20080,39,5.1975
20485,20285,39,5.56854
20485,20284,39,9.03725
20283,20083,39,5.56854
20283,20082,39,9.03725
20685,20486,39,4.22878
20685,20886,39,4.82098
20685,20686,39,4.03211
20282,20082,39,5.56854
20282,20083,39,4.22878
20478,20477,39,5.1975
20676,20675,39,5.1975
23863,23862,39,5.1975
22466,22465,39,5.1975
20483,20284,39,4.22878
20875,20874,39,5.1975
20281,20280,39,5.1975
20484,20284,39,5.56854
20484,20285,39,4.22878
22266,22265,39,5.1975
25877,25678,39,4.22878
25877,26078,39,4.82098
25877,25878,39,4.03211
23264,23263,39,5.1975
23064,23063,39,5.1975
22865,22864,39,5.1975
22066,22065,39,5.1975
23463,23462,39,5.1975
23662,23661,39,5.1975
22666,22665,39,5.1975
22487,22286,39,0.940228
20686,20887,40,11.0373
20686,20687,40,7.15661
26078,26278,40,13.6644
26078,26279,40,11.0373
26078,26277,40,10.2377
26078,26079,40,7.15661
20285,20286,40,7.15661
23661,23861,40,6.30756
20486,20687,40,11.0373
20486,20487,40,7.15661
20083,20084,40,7.15661
20485,20286,40,5.21401
20283,20084,40,5.21401
26076,26276,40,6.602
21686,21886,40,6.355
26077,26277,40,6.42361
26077,26276,40,1.45664
24874,25075,40,1.70217
22487,22688,40,1.82277
22687,22688,40,0.590946
20084,19884,41,5.60397
20084,20085,41,7.69516
26079,25879,41,5.26926
26079,26280,41,10.5286
26079,26080,41,7.44167
20286,20086,41,5.60397
20286,20287,41,7.69516
20887,21087,41,6.1913
20284,20085,41,6.08859
23861,24061,41,6.1913
26078,25879,41,6.08859
20285,20085,41,5.60397
20285,20086,41,6.08859
20486,20287,41,6.08859
20083,19883,41,5.60397
20083,19882,41,6.08859
20083,19884,41,6.08859
21886,22086,41,6.21778
26277,26477,41,6.34482
26278,26478,41,6.21778
26279,26479,41,12.2762
26279,26480,41,10.4535
26279,26478,41,10.4535
26279,26280,41,7.69516
20487,20287,41,5.60397
20487,20688,41,10.4535
20487,20488,41,7.69516
22888,23089,41,1.81986
19884,19885,42,5.53892
26479,26679,42,13.7495
26479,26680,42,8.71361
26479,26678,42,12.6481
20086,20087,42,5.53892
20084,19885,42,4.31908
20286,20087,42,4.31908
20287,20288,42,5.53892
20488,20689,42,8.71361
20488,20489,42,5.53892
20487,20288,42,4.31908
22487,22488,42,0.422055
26679,26879,43,13.5463
26679,26878,43,14.8287
20085,19886,43,3.37457
19884,19684,43,3.45891
19884,19683,43,4.56453
19884,19685,43,3.37457
20086,19886,43,3.45891
20086,19887,43,3.37457
22465,22664,43,4.27124
20287,20088,43,3.37457
22065,22264,43,4.27124
23661,23860,43,4.27124
20080,20279,43,4.27124
20688,20888,43,2.83703
20488,20289,43,3.37457
21686,21887,43,0.669408
21486,21687,43,0.669408
21087,21287,43,2.83703
23063,23262,43,4.27124
22265,22464,43,4.27124
26680,26880,44,2.05474
26679,26880,44,5.19315
21286,21487,44,0.508811
21074,20873,44,0.36487
21468,21267,44,0.36487
21071,20870,44,0.36487
21072,20871,44,0.36487
21073,20872,44,0.36487
22487,22287,44,0.234897
22888,22889,44,0.274822
26880,27079,45,7.38211
19685,19485,45,2.37961
19685,19484,45,3.52397
19685,19686,45,2.63499
19886,19686,45,2.37961
19885,19686,45,2.17442
23262,23461,45,7.6474
20087,19888,45,2.17442
26879,27078,45,7.52893
22464,22663,45,7.6474
21267,21466,45,7.52893
22664,22863,45,7.6474
22264,22463,45,7.6474
20289,20089,45,2.37961
20289,20490,45,4.42144
20289,20290,45,2.63499
20689,20889,45,1.71142
20088,19888,45,2.37961
20088,20089,45,2.63499
19887,19687,45,2.37961
19887,19686,45,3.52397
19887,19888,45,2.63499
20288,20089,45,2.17442
20888,21088,46,2.4714
21887,22087,46,2.51803
22065,22064,46,0.743627
23661,23660,46,0.743627
20080,20079,46,0.743627
20477,20476,46,0.743627
21070,20869,46,0.314586
23063,23062,46,0.743627
20675,20674,46,0.743627
21088,21288,47,5.2377
20089,20090,47,2.78028
22663,22862,47,2.47758
21466,21665,47,2.45566
26880,27080,47,5.42036
20290,20491,47,5.85256
20290,20291,47,2.78028
19685,19486,47,1.96697
22463,22662,47,2.47758
20490,20690,47,5.2377
20889,21089,47,5.2377
20289,20090,47,1.96697
19888,19889,47,2.78028
19687,19688,47,2.78028
20088,19889,47,1.96697
19887,19688,47,1.96697
27079,27279,47,5.32059
21089,21289,48,10.1525
21288,21488,48,10.1525
20690,20890,48,10.1525
20674,20673,48,3.51762
20491,20691,48,10.1525
27080,27280,48,10.4116
19882,19881,48,0.417865
19687,19487,48,1.77676
27279,27479,48,23.9961
27279,27480,48,7.56699
21289,21490,49,11.125
20691,20892,49,11.125
21488,21689,49,10.9582
27480,27681,49,10.4647
27479,27679,49,9.48843
27479,27680,49,30.7052
21089,21290,49,11.125
21288,21489,49,11.125
20291,20492,49,11.125
20690,20891,49,11.125
22087,22288,49,10.9582
20089,19890,49,1.97612
19688,19689,49,4.98058
20090,20091,49,5.05152
21487,21688,49,10.9582
20491,20692,49,11.125
20890,21091,49,11.125
26880,27081,49,10.7298
27080,27281,49,10.7298
22889,23090,49,10.4647
20290,20091,49,1.97612
21687,21888,49,10.9582
21887,22088,49,10.9582
26680,26881,49,10.4647
22488,22689,49,10.7298
26480,26681,49,10.4647
19487,19488,49,5.05152
25075,25276,49,9.85493
20889,21090,49,11.125
27280,27481,49,10.7298
20479,20278,49,0.202089
19889,19890,49,4.98058
19888,19689,49,1.97612
19687,19488,49,1.97612
25275,25276,49,0.88398
21490,21690,50,13.6991
21490,21691,50,20.7029
27680,27880,50,14.1189
27680,27881,50,20.1998
27679,27879,50,13.6991
27679,27880,50,20.7029
20091,20292,50,20.7029
20674,20474,50,1.43956
20674,20473,50,1.38802
20674,20475,50,2.0534
27281,27482,51,2.8166
21490,21491,51,5.62432
19689,19690,51,5.62432
20692,20893,51,3.19412
21290,21491,51,3.19412
27679,27878,51,6.02862
22288,22489,51,3.14107
20891,21092,51,3.19412
19890,19891,51,5.62432
22088,22289,51,3.14107
20091,20092,51,5.62432
20292,20493,51,14.9644
20292,20293,51,5.62432
21689,21889,51,3.82819
21689,21890,51,3.14107
20673,20672,51,3.18053
19486,19286,51,2.34451
19486,19287,51,3.08794
21688,21889,51,3.14107
19488,19489,51,5.62432
19688,19489,51,3.03213
20090,19891,51,3.08794
20492,20693,51,3.19412
21888,22089,51,3.14107
22689,22890,51,2.99095
21091,21291,51,3.7543
21091,21292,51,3.19412
20892,21092,51,3.7543
20892,21093,51,3.19412
19487,19287,51,2.34451
19487,19288,51,3.08794
19889,19690,51,3.03213
21090,21291,51,3.19412
19690,19691,52,12.9925
19891,19892,52,12.9925
27881,28081,52,0.947316
27881,28082,52,6.07845
27880,28080,52,0.947316
27880,28081,52,6.07845
27879,28080,52,4.96035
21491,21692,52,15.9398
21491,21492,52,12.9925
20092,20093,52,12.9925
20474,20274,52,3.79664
20474,20275,52,6.31371
19689,19490,52,6.17103
19890,19691,52,6.17103
20091,19892,52,6.17103
20292,20093,52,6.17103
20673,20472,52,3.03785
19486,19285,52,3.03785
20293,20494,52,15.9398
20293,20294,52,12.9925
21690,21891,52,4.96035
19488,19289,52,6.17103
19288,19289,52,13.2143
19489,19490,52,13.2143
21691,21892,52,4.96035
19691,19491,53,5.28356
19691,19492,53,16.949
19691,19692,53,15.4084
19490,19290,53,5.33955
19490,19291,53,17.2986
19490,19491,53,15.1131
19892,19692,53,5.28356
19892,19693,53,16.949
19892,19893,53,15.4084
19690,19491,53,16.949
20693,20694,53,3.07152
20893,20894,53,3.07152
22489,22490,53,3.33661
21093,21094,53,3.07152
19286,19086,53,5.28356
19286,19087,53,16.949
19287,19087,53,5.28356
19287,19088,53,16.949
19891,19692,53,16.949
23090,23091,53,3.517
20092,19893,53,16.949
20093,19893,53,5.28356
20093,19894,53,16.949
20093,20094,53,15.4084
20474,20273,53,2.6403
22089,22090,53,3.18369
20293,20094,53,16.949
21292,21293,53,3.18369
22689,22690,53,3.517
19288,19088,53,5.33955
19288,19089,53,17.2986
22289,22290,53,3.18369
19289,19089,53,5.33955
19289,19090,53,17.2986
19289,19290,53,15.1131
19489,19290,53,17.2986
22890,22891,53,3.517
23091,22892,54,7.20413
19492,19292,54,5.50114
19492,19293,54,24.8609
19492,19493,54,10.9462
19086,18887,54,7.95084
19692,19493,54,24.8609
19087,18887,54,5.45162
19087,18888,54,24.3959
19290,19091,54,24.8609
20694,20495,54,8.24402
21094,20895,54,8.24402
22690,22491,54,7.20413
19090,18890,54,5.50114
19090,18891,54,24.8609
19090,19091,54,10.9462
19693,19493,54,5.50114
19693,19494,54,24.8609
19693,19694,54,10.9462
19291,19091,54,5.50114
19291,19092,54,24.8609
19291,19292,54,10.9462
19491,19292,54,24.8609
21692,21493,54,8.24402
21692,21693,54,1.98022
21892,21693,54,8.24402
21892,21893,54,1.98022
19893,19694,54,24.8609
20273,20074,54,8.24402
20494,20295,54,7.95084
20494,20495,54,2.02394
22290,22091,54,7.95084
22490,22291,54,7.58697
19286,19085,54,2.30746
20894,20695,54,8.24402
27879,28079,54,0.25129
20094,19895,54,24.3959
20094,20095,54,11.1739
20475,20276,54,8.24402
19881,19682,54,8.24402
20079,19880,54,8.24402
19088,18888,54,5.50114
19088,18889,54,24.8609
20869,20670,54,7.95084
21492,21493,54,2.02394
20476,20277,54,8.24402
23860,23859,54,0.213936
19683,19682,54,0.213936
23262,23261,54,0.213936
19894,19694,54,5.50114
19894,19695,54,24.8609
19894,19895,54,10.9462
20275,20076,54,8.24402
20275,20276,54,1.98022
21267,21068,54,7.95084
19089,18889,54,5.50114
19089,18890,54,24.8609
22264,22263,54,0.213936
22890,22691,54,7.20413
22891,22692,54,7.20413
20870,20671,54,8.24402
20294,20095,54,7.95084
20294,20295,54,2.02394
18890,18690,55,7.0674
18890,18691,55,14.2799
20095,19896,55,14.0218
20095,20296,55,7.34437
20095,20096,55,14.6505
19895,19696,55,14.2799
19895,20096,55,7.17443
19895,19896,55,14.4605
18889,18689,55,7.0674
18889,18690,55,14.2799
19091,18892,55,14.2799
19092,18892,55,7.0674
19092,18893,55,14.2799
19092,19093,55,14.4605
21094,21095,55,3.54063
19292,19093,55,14.2799
21293,21294,55,3.73893
19494,19294,55,7.0674
19494,19295,55,14.2799
19494,19495,55,14.4605
18891,18691,55,7.0674
18891,18692,55,14.2799
18891,18892,55,14.4605
19694,19495,55,14.2799
19695,19495,55,7.0674
19695,19496,55,14.2799
19695,19896,55,7.17443
19695,19696,55,14.4605
23091,23092,55,4.34008
19493,19294,55,14.2799
18887,18687,55,6.96631
18887,18688,55,14.0218
18888,18688,55,7.0674
18888,18689,55,14.2799
19293,19093,55,7.0674
19293,19094,55,14.2799
19293,19294,55,14.4605
19896,19697,56,14.7902
19896,19897,56,13.1483
19496,19296,56,8.08755
19496,19297,56,14.7902
19496,19497,56,13.1483
18688,18488,56,8.08755
18688,18489,56,14.7902
18690,18490,56,8.08755
18690,18491,56,14.7902
18691,18491,56,8.08755
18691,18492,56,14.7902
18692,18492,56,8.08755
18692,18493,56,14.7902
18692,18693,56,13.1483
19696,19497,56,14.7902
19696,19697,56,13.1483
18689,18489,56,8.08755
18689,18490,56,14.7902
19495,19296,56,14.7902
19683,19483,56,0.858488
19094,18894,56,8.08755
19094,18895,56,14.7902
19094,19095,56,13.1483
22692,22693,56,3.37209
20276,20077,56,4.46361
19093,18894,56,14.7902
22291,22092,56,4.22904
22291,22292,56,2.88871
20895,20696,56,4.46361
20895,20896,56,2.73376
20495,20496,56,2.73376
20074,19875,56,4.46361
20277,20078,56,4.46361
19295,19095,56,7.97044
19295,19096,56,14.5593
19295,19296,56,13.3398
18893,18693,56,8.08755
18893,18694,56,14.7902
18893,18894,56,13.1483
22491,22492,56,3.10644
22091,22092,56,2.88871
19087,18886,56,4.71608
21893,21694,56,4.46361
21893,21894,56,2.73376
21693,21494,56,4.46361
21693,21694,56,2.73376
19682,19483,56,4.46361
19880,19681,56,4.46361
18892,18693,56,14.7902
21493,21494,56,2.73376
19085,18886,56,4.46361
20670,20471,56,4.22904
20076,19877,56,4.46361
20076,20077,56,2.73376
20695,20496,56,4.46361
20695,20696,56,2.73376
18887,18686,56,4.71608
18887,18886,56,3.60101
19294,19095,56,14.7902
22892,22893,56,3.37209
18492,18292,57,7.33347
18492,18293,57,14.3
19497,19298,57,14.3
19497,19698,57,7.22764
19497,19498,57,14.1329
18489,18289,57,7.33347
18489,18290,57,14.3
18895,18695,57,7.22697
18895,18696,57,14.0487
18895,18896,57,14.3191
18490,18290,57,7.33347
18490,18291,57,14.3
18491,18291,57,7.33347
18491,18292,57,14.3
19697,19498,57,14.3
19697,19898,57,7.22764
19697,19698,57,14.1329
18694,18494,57,7.33347
18694,18495,57,14.3
18694,18695,57,14.1329
19897,19698,57,14.3
19897,20098,57,7.22764
19897,19898,57,14.1329
18894,18695,57,14.3
19896,20097,57,7.22764
21095,21096,57,3.38993
18688,18487,57,4.32646
20296,20097,57,3.36254
20296,20297,57,3.58439
20096,20097,57,3.58439
21294,21295,57,3.38993
21267,21067,57,0.721786
22692,22493,57,2.90339
19484,19284,57,0.739563
20869,20669,57,0.721786
20079,19879,57,0.739563
19095,18896,57,14.3
18693,18494,57,14.3
23660,23460,57,0.739563
18493,18293,57,7.33347
18493,18294,57,14.3
18493,18494,57,14.1329
23092,23093,57,4.17796
22064,21864,57,0.739563
21466,21266,57,0.721786
18290,18090,58,10.3742
18290,18089,58,7.40647
18290,18091,58,12.617
18695,18496,58,12.7621
19698,19499,58,12.7621
19698,19899,58,7.43911
19698,19699,58,10.5509
18495,18295,58,10.5509
18495,18296,58,12.7621
18495,18496,58,10.5509
18292,18092,58,10.5509
18292,18091,58,7.43911
18292,18093,58,12.7621
18291,18091,58,10.5509
18291,18090,58,7.43911
18291,18092,58,12.7621
18696,18496,58,10.5509
18696,18497,58,12.7621
18696,18897,58,7.43911
18696,18697,58,10.5509
21266,21066,58,10.3742
21266,21065,58,7.40647
21266,21265,58,5.79695
19898,19699,58,12.7621
19898,20099,58,7.43911
19898,19899,58,10.5509
20669,20469,58,10.3742
20669,20468,58,7.40647
20669,20470,58,12.617
20669,20668,58,5.79695
19297,19098,58,6.26681
19877,19678,58,6.26681
19877,19878,58,1.89303
19681,19482,58,6.26681
20696,20497,58,6.26681
20696,20697,58,1.89303
21494,21495,58,1.89303
20077,19878,58,6.26681
20471,20272,58,6.26681
21894,21695,58,6.26681
21894,21895,58,1.89303
21694,21495,58,6.26681
21694,21695,58,1.89303
19875,19676,58,6.26681
19875,19876,58,1.89303
18494,18295,58,12.7621
22092,22093,58,2.03581
20896,20697,58,6.26681
20896,20897,58,1.89303
18489,18288,58,7.43911
22292,22093,58,6.22072
22292,22293,58,2.03581
22492,22293,58,6.08906
19296,19097,58,6.26681
21067,20867,58,10.3742
21067,20866,58,7.40647
21067,20868,58,12.617
21067,21066,58,5.79695
20496,20497,58,2.03581
20472,20272,58,1.89303
22693,22494,58,5.85439
22693,22694,58,2.5237
21665,21465,58,1.89303
19096,18897,58,6.26681
19096,19097,58,1.89303
18293,18093,58,10.5509
18293,18092,58,7.43911
18293,18094,58,12.7621
22662,22462,58,1.89303
20273,20073,58,1.89303
18294,18094,58,10.5509
18294,18093,58,7.43911
18294,18095,58,12.7621
18294,18295,58,10.5509
22893,22694,58,5.85439
22893,22894,58,2.5237
18896,18697,58,12.7621
18896,19097,58,7.43911
18896,18897,58,10.5509
18095,17895,59,10.9621
18095,17894,59,12.2054
18095,17896,59,8.11669
18095,18096,59,6.28394
18093,17893,59,10.9621
18093,17892,59,12.2054
18093,17894,59,8.11669
21066,20865,59,12.0831
18496,18297,59,8.11669
18090,17890,59,10.7705
18090,17889,59,12.0831
18090,17891,59,8.07131
20468,20268,59,10.9621
20468,20267,59,12.2054
20468,20269,59,8.11669
20468,20667,59,7.31525
20468,20467,59,9.92379
18091,17891,59,10.9621
18091,17890,59,12.2054
18091,17892,59,8.11669
18092,17892,59,10.9621
18092,17891,59,12.2054
18092,17893,59,8.11669
20668,20467,59,12.2054
20668,20667,59,9.92379
20867,20667,59,10.7705
20867,20666,59,12.0831
21265,21064,59,12.2054
21265,21464,59,7.31525
21265,21264,59,9.92379
20469,20269,59,10.9621
20469,20268,59,12.2054
20469,20270,59,8.11669
19498,19299,59,0.884995
21065,20865,59,10.9621
21065,20864,59,12.2054
21065,21264,59,7.31525
21065,21064,59,9.92379
19879,19680,59,0.884995
20868,20667,59,12.0831
19298,19099,59,0.884995
19877,19677,59,2.57697
19681,19481,59,2.57697
20471,20271,59,2.57697
20866,20666,59,10.9621
20866,20665,59,12.2054
20866,20667,59,8.11669
20866,20865,59,9.92379
18296,18096,59,10.9621
18296,18097,59,8.11669
18296,18297,59,6.28394
18686,18486,59,2.57697
19875,19675,59,2.57697
21465,21264,59,12.0831
21465,21664,59,7.49783
21465,21464,59,10.0455
19483,19283,59,2.57697
18687,18486,59,5.79826
18497,18297,59,10.9621
18497,18298,59,8.11669
18497,18498,59,6.28394
19484,19283,59,5.79826
19881,19680,59,5.79826
20472,20271,59,5.79826
21665,21464,59,5.79826
23062,22861,59,5.79826
23062,23061,59,1.64075
22662,22461,59,5.79826
20273,20072,59,5.79826
18094,17894,59,10.9621
18094,17893,59,12.2054
18094,17895,59,8.11669
22463,22262,59,5.79826
19285,19084,59,5.79826
23860,23659,59,5.79826
23660,23459,59,5.79826
23660,23659,59,1.64075
22263,22063,59,2.57697
22263,22062,59,5.79826
20074,19874,59,2.57697
20074,19873,59,5.79826
23461,23260,59,5.79826
23262,23061,59,5.79826
22862,22661,59,5.79826
18295,18096,59,8.11669
19682,19481,59,5.79826
22064,21863,59,5.79826
22064,22063,59,1.64075
19880,19680,59,2.57697
19880,19679,59,5.79826
23261,23061,59,2.57697
23261,23060,59,5.79826
22264,22063,59,5.79826
19085,18884,59,5.79826
23859,23659,59,2.57697
23859,23658,59,5.79826
19481,19480,60,5.74122
21664,21663,60,5.74122
22062,22061,60,5.74122
17890,17690,60,8.62799
17890,17689,60,10.2594
17890,17691,60,7.30351
20268,20068,60,8.62799
20268,20067,60,10.2594
20268,20069,60,7.30351
20864,20664,60,8.62799
20864,20663,60,10.2594
20864,21063,60,9.64138
20864,20863,60,10.8195
22661,22660,60,5.74122
20271,20071,60,8.62799
20271,20070,60,10.2594
17889,17689,60,8.62799
17889,17688,60,10.2594
17889,17690,60,7.30351
17889,18088,60,9.64138
17889,17888,60,10.8195
20072,20071,60,5.74122
21464,21263,60,10.2594
21464,21663,60,9.64138
21464,21463,60,10.8195
21264,21063,60,10.2594
21264,21463,60,9.64138
21264,21263,60,10.8195
21064,20863,60,10.2594
21064,21263,60,9.64138
21064,21063,60,10.8195
21863,21862,60,5.74122
18096,17897,60,7.30351
20666,20466,60,8.62799
20666,20465,60,10.2594
23060,23059,60,5.74122
17891,17691,60,8.62799
17891,17690,60,10.2594
17891,17692,60,7.30351
23260,23259,60,5.74122
17896,17696,60,8.62799
17896,17695,60,10.2594
17896,17697,60,7.30351
17896,17897,60,6.74698
17893,17693,60,8.62799
17893,17692,60,10.2594
17893,17694,60,7.30351
22262,22261,60,5.74122
18486,18485,60,5.74122
22861,22860,60,5.74122
19675,19674,60,5.74122
17892,17692,60,8.62799
17892,17691,60,10.2594
17892,17693,60,7.30351
19283,19282,60,5.74122
19873,19872,60,5.74122
20073,19872,60,3.37417
20665,20465,60,8.62799
20665,20464,60,10.2594
20665,20466,60,7.30351
20665,20664,60,10.8195
18288,18087,60,3.37417
18288,18287,60,5.74122
20467,20266,60,10.2594
20467,20466,60,10.8195
22462,22261,60,3.37417
18097,17897,60,8.62799
18097,17898,60,7.30351
18097,18098,60,6.74698
20667,20466,60,10.2594
19676,19475,60,3.37417
20270,20070,60,8.62799
20270,20069,60,10.2594
20270,20071,60,7.30351
20272,20071,60,3.37417
18089,17888,60,3.37417
18089,18088,60,5.74122
22461,22460,60,5.74122
18297,18098,60,7.30351
18289,18088,60,3.37417
20269,20069,60,8.62799
20269,20068,60,10.2594
20269,20070,60,7.30351
18487,18287,60,1.34651
18487,18286,60,3.37417
20267,20067,60,8.62799
20267,20066,60,10.2594
20267,20068,60,7.30351
20267,20466,60,9.64138
20267,20266,60,10.8195
18298,18098,60,8.62799
18298,18099,60,7.30351
18298,18299,60,6.74698
23460,23259,60,3.37417
19284,19083,60,3.37417
18488,18287,60,3.37417
19681,19480,60,3.37417
18886,18685,60,3.37417
18686,18485,60,3.37417
18686,18685,60,5.74122
19875,19674,60,3.37417
22493,22294,60,0.743845
19483,19282,60,3.37417
18497,18698,60,6.98478
18884,18883,60,5.74122
17894,17694,60,8.62799
17894,17693,60,10.2594
17894,17695,60,7.30351
19084,19083,60,5.74122
28079,28078,60,6.01444
20865,20664,60,10.2594
17895,17695,60,8.62799
17895,17694,60,10.2594
17895,17696,60,7.30351
23859,23858,60,5.74122
21864,21663,60,3.37417
20863,20662,61,9.45892
20863,21062,61,7.59045
20863,20862,61,9.89088
21063,20862,61,9.45892
21063,21262,61,7.59045
21063,21062,61,9.89088
17898,17698,61,6.99833
17688,17488,61,6.86226
17688,17487,61,9.29465
17688,17887,61,7.76123
17688,17687,61,9.94063
21263,21062,61,9.45892
21263,21462,61,7.59045
21263,21262,61,9.89088
20071,19871,61,6.99833
20071,19870,61,9.45892
17888,17687,61,9.29465
17888,17887,61,9.94063
18099,17899,61,6.99833
21463,21262,61,9.29465
21463,21662,61,7.76123
21463,21462,61,9.94063
20664,20463,61,9.45892
20069,19869,61,6.99833
20069,19868,61,9.45892
17689,17489,61,6.99833
17689,17488,61,9.45892
17690,17490,61,6.99833
17690,17489,61,9.45892
21663,21462,61,9.45892
21663,21662,61,9.89088
17695,17495,61,6.99833
17695,17494,61,9.45892
17692,17492,61,6.99833
17692,17491,61,9.45892
22294,22094,61,6.68304
21862,21662,61,6.99833
21862,21661,61,9.45892
21862,21861,61,9.89088
17694,17494,61,6.99833
17694,17493,61,9.45892
17693,17493,61,6.99833
17693,17492,61,9.45892
20070,19870,61,6.99833
20070,19869,61,9.45892
20466,20265,61,9.45892
20663,20463,61,6.99833
20663,20462,61,9.45892
20663,20862,61,7.59045
20663,20662,61,9.89088
17697,17497,61,6.99833
17697,17496,61,9.45892
18298,18499,61,4.61114
20266,20065,61,9.29465
20266,20265,61,9.94063
17696,17496,61,6.99833
17696,17495,61,9.45892
18299,18499,61,5.56498
20464,20264,61,6.99833
20464,20263,61,9.45892
20464,20463,61,9.89088
20465,20265,61,6.99833
20465,20264,61,9.45892
28080,28279,61,1.48815
17691,17491,61,6.99833
17691,17490,61,9.45892
17490,17290,62,6.07969
17490,17289,62,10.3524
17487,17287,62,5.97587
17487,17286,62,10.1588
17487,17686,62,7.2722
17487,17486,62,11.617
21462,21261,62,10.1588
21462,21461,62,11.617
17698,17498,62,6.07969
21062,20861,62,10.3524
21062,21261,62,7.10352
21062,21061,62,11.5239
21662,21461,62,10.3524
17488,17288,62,5.97587
17488,17287,62,10.1588
20463,20262,62,10.3524
17489,17289,62,6.07969
17489,17288,62,10.3524
21861,21660,62,10.3524
21861,22060,62,7.10352
21861,21860,62,11.5239
17492,17292,62,6.07969
17492,17291,62,10.3524
21661,21461,62,6.07969
21661,21460,62,10.3524
21661,21860,62,7.10352
21661,21660,62,11.5239
17495,17295,62,6.07969
17495,17294,62,10.3524
17687,17486,62,10.1588
17687,17886,62,7.2722
17687,17686,62,11.617
21262,21061,62,10.3524
21262,21461,62,7.10352
21262,21261,62,11.5239
17899,17699,62,6.07969
20862,20661,62,10.3524
20862,21061,62,7.10352
20862,20861,62,11.5239
17491,17291,62,6.07969
17491,17290,62,10.3524
18485,18484,62,3.70157
22860,22859,62,3.70157
19674,19673,62,3.70157
18685,18684,62,3.70157
18087,18086,62,3.70157
17898,17699,62,3.98933
22460,22459,62,3.70157
18099,17900,62,3.98933
18099,18300,62,3.39158
18099,18100,62,3.28226
22660,22659,62,3.70157
19475,19474,62,3.70157
18286,18285,62,3.70157
19480,19479,62,3.70157
20265,20064,62,10.3524
22061,22060,62,3.70157
22294,22095,62,3.92018
22294,22495,62,3.47746
22294,22295,62,3.29757
17493,17293,62,6.07969
17493,17292,62,10.3524
20264,20064,62,6.07969
20264,20063,62,10.3524
20263,20063,62,6.07969
20263,20062,62,10.3524
20263,20262,62,11.5239
19679,19478,62,2.17773
19099,18898,62,2.0481
19677,19476,62,2.17773
17494,17294,62,6.07969
17494,17293,62,10.3524
19680,19479,62,2.17773
19874,19673,62,2.17773
23060,22859,62,2.17773
18486,18285,62,2.17773
19675,19474,62,2.17773
20462,20262,62,6.07969
20462,20261,62,10.3524
20462,20661,62,7.10352
20462,20461,62,11.5239
22261,22260,62,3.70157
19873,19672,62,2.17773
19098,18898,62,0.566227
19678,19478,62,0.566227
19676,19476,62,0.566227
20662,20461,62,10.3524
20662,20861,62,7.10352
20662,20661,62,11.5239
22461,22260,62,2.17773
17697,17498,62,3.98933
17497,17297,62,6.07969
17497,17296,62,10.3524
18299,18100,62,3.98933
18299,18500,62,3.39158
18299,18300,62,3.28226
18884,18683,62,2.17773
18883,18882,62,3.70157
17496,17296,62,6.07969
17496,17295,62,10.3524
18285,18284,63,5.11987
17286,17085,63,9.48451
17286,17485,63,7.26254
17286,17285,63,13.8156
21460,21259,63,9.68892
21460,21659,63,7.10098
21460,21459,63,13.7302
18500,18699,63,7.26254
21461,21260,63,9.68892
18086,18085,63,5.11987
18484,18483,63,5.11987
22659,22658,63,5.11987
17290,17089,63,9.68892
22459,22458,63,5.11987
17486,17285,63,9.48451
17486,17685,63,7.26254
17486,17485,63,13.8156
17686,17485,63,9.48451
17686,17885,63,7.26254
17686,17685,63,13.8156
19672,19671,63,5.11987
17295,17094,63,9.68892
22260,22259,63,5.11987
20461,20260,63,9.68892
20461,20660,63,7.10098
20461,20460,63,13.7302
17289,17088,63,9.48451
18882,18881,63,5.11987
17886,17885,63,5.32283
17296,17095,63,9.48451
21660,21459,63,9.68892
21660,21859,63,7.10098
21660,21659,63,13.7302
17291,17090,63,9.68892
19474,19473,63,5.11987
28279,28278,63,5.8038
20062,19861,63,9.68892
20062,20061,63,13.7302
21860,21859,63,5.11987
21061,20860,63,9.68892
21061,21260,63,7.10098
21061,21060,63,13.7302
20661,20460,63,9.68892
20661,20860,63,7.10098
20661,20660,63,13.7302
20861,20660,63,9.68892
20861,21060,63,7.10098
20861,20860,63,13.7302
20262,20061,63,9.68892
20063,19862,63,9.68892
20064,19863,63,9.68892
21261,21060,63,9.48451
21261,21260,63,13.8156
19868,19867,63,5.11987
17297,17096,63,9.68892
28079,28278,63,0.873429
17288,17087,63,9.48451
17287,17086,63,9.48451
20261,20060,63,9.68892
20261,20460,63,7.10098
20261,20260,63,13.7302
22060,22059,63,5.32283
17096,16896,64,5.29241
17096,16895,64,10.3715
17086,16886,64,5.37633
17086,16885,64,10.5798
17685,17484,64,10.3715
17685,17684,64,12.7005
17095,16895,64,5.37633
17095,16894,64,10.5798
17087,16887,64,5.37633
17087,16886,64,10.5798
17088,16888,64,5.37633
17088,16887,64,10.5798
20460,20259,64,10.5798
20460,20459,64,12.5835
21260,21059,64,10.3715
17089,16889,64,5.29241
17089,16888,64,10.3715
20060,19860,64,5.37633
20060,19859,64,10.5798
20060,20059,64,12.5835
17094,16894,64,5.37633
17094,16893,64,10.5798
17094,17093,64,12.5835
21259,21059,64,5.37633
21259,21058,64,10.5798
21259,21258,64,12.5835
17090,16890,64,5.37633
17090,16889,64,10.5798
17085,16885,64,5.37633
17085,16884,64,10.5798
17085,17084,64,12.5835
17699,17499,64,5.37633
17699,17700,64,2.69893
18500,18700,64,3.85439
18500,18501,64,2.70521
20860,20659,64,10.5798
20860,20859,64,12.5835
20660,20459,64,10.5798
20660,20659,64,12.5835
21060,20859,64,10.5798
21060,21059,64,12.5835
19861,19661,64,5.37633
19861,19660,64,10.5798
19861,19860,64,12.5835
17291,17091,64,5.37633
17485,17284,64,10.3715
17485,17484,64,12.7005
17698,17499,64,3.32975
19863,19663,64,5.37633
19863,19662,64,10.5798
19862,19662,64,5.37633
19862,19661,64,10.5798
17899,17700,64,3.32975
20061,19860,64,10.5798
19475,19274,64,1.97953
20260,20059,64,10.5798
20260,20259,64,12.5835
19480,19279,64,1.97953
20064,19864,64,5.37633
18300,18301,64,2.69893
17900,17700,64,5.37633
17900,17901,64,2.69893
17498,17298,64,5.37633
17498,17499,64,2.69893
17497,17298,64,3.32975
20067,19866,64,1.97953
17297,17097,64,5.37633
17297,17298,64,2.69893
20066,19865,64,1.97953
17285,17084,64,10.3715
17285,17284,64,12.7005
23859,24058,64,0.704905
21059,20858,65,8.64423
17084,16883,65,8.45536
17084,17283,65,8.83445
17084,17083,65,12.2072
17284,17083,65,8.45536
17284,17483,65,8.83445
17284,17283,65,12.2072
16893,16693,65,5.06952
16893,16692,65,8.64423
16893,17092,65,8.64423
16893,16892,65,12.2107
20459,20258,65,8.64423
20459,20658,65,8.64423
20459,20458,65,12.2107
17901,17701,65,5.06952
17901,18101,65,5.06952
19274,19273,65,5.40978
16888,16688,65,5.06952
16888,16687,65,8.64423
19661,19461,65,5.06952
19661,19460,65,8.64423
19662,19462,65,5.06952
19662,19461,65,8.64423
21258,21057,65,8.64423
21258,21458,65,5.06952
21258,21457,65,8.64423
21258,21257,65,12.2107
17093,17092,65,5.40978
19663,19463,65,5.06952
19663,19462,65,8.64423
20259,20058,65,8.64423
20259,20458,65,8.64423
20259,20258,65,12.2107
16896,16696,65,5.06952
16896,16695,65,8.64423
16895,16695,65,5.06952
16895,16694,65,8.64423
16887,16687,65,5.06952
16887,16686,65,8.64423
16886,16686,65,5.06952
16886,16685,65,8.64423
16894,16694,65,5.06952
16894,16693,65,8.64423
17484,17283,65,8.45536
17484,17683,65,8.83445
17484,17483,65,12.2072
17684,17483,65,8.45536
17684,17884,65,5.16071
17684,17883,65,8.83445
17684,17683,65,12.2072
17499,17299,65,5.06952
19859,19659,65,5.06952
19859,19658,65,8.64423
19859,20058,65,8.64423
19859,19858,65,12.2107
21058,20858,65,5.06952
21058,20857,65,8.64423
21058,21257,65,8.64423
21058,21057,65,12.2107
16885,16685,65,5.06952
16885,16684,65,8.64423
20059,19858,65,8.64423
20059,20258,65,8.64423
20059,20058,65,12.2107
18085,18084,65,5.38596
17685,17884,65,8.83445
18483,18482,65,5.40978
22259,22258,65,5.40978
18284,18283,65,5.40978
19473,19472,65,5.40978
19671,19670,65,5.40978
20859,20658,65,8.64423
20859,20858,65,12.2107
22658,22657,65,5.40978
20659,20458,65,8.64423
20659,20858,65,8.64423
20659,20658,65,12.2107
22458,22457,65,5.40978
17885,17884,65,5.38596
21859,21858,65,5.40978
18881,18880,65,5.40978
21259,21458,65,8.64423
19660,19460,65,5.06952
19660,19459,65,8.64423
19660,19659,65,12.2107
21459,21458,65,5.40978
17699,17500,65,3.58641
18500,18701,65,3.61726
19860,19659,65,8.64423
21659,21658,65,5.40978
16884,16684,65,5.06952
16884,16683,65,8.64423
16884,17083,65,8.64423
16884,16883,65,12.2107
19864,19664,65,5.06952
17291,17092,65,3.58641
22059,22058,65,5.40978
18300,18101,65,3.58641
20099,20298,65,1.20501
17700,17500,65,5.06952
17900,17701,65,3.58641
17900,18101,65,3.58641
17498,17299,65,3.58641
17298,17098,65,5.06952
17297,17098,65,3.58641
28082,28282,65,0.418921
19461,19260,66,7.95029
16694,16493,66,7.95029
16696,16495,66,7.95029
16883,16682,66,7.95029
16883,17082,66,9.30043
16883,16882,66,12.396
16695,16494,66,7.95029
16692,16691,66,5.15075
16693,16492,66,7.95029
17283,17082,66,7.77062
17283,17482,66,9.49682
17283,17282,66,12.3496
20458,20257,66,7.95029
20458,20657,66,9.30043
20458,20457,66,12.396
17483,17282,66,7.77062
17483,17682,66,9.49682
17483,17482,66,12.3496
18880,18879,66,5.15075
16686,16485,66,7.95029
19670,19669,66,5.15075
19273,19272,66,5.15075
16683,16482,66,7.95029
16683,16882,66,9.30043
16683,16682,66,12.396
18482,18481,66,5.15075
18283,18282,66,5.15075
19659,19458,66,7.95029
20858,20657,66,7.95029
22657,22656,66,5.15075
19658,19457,66,7.95029
19658,19857,66,9.30043
19658,19657,66,12.396
21457,21256,66,7.95029
21457,21657,66,5.24646
21457,21656,66,9.30043
21457,21456,66,12.396
20658,20457,66,7.95029
20658,20657,66,12.396
22457,22456,66,5.15075
21057,20856,66,7.95029
21057,21256,66,9.30043
21057,21056,66,12.396
19472,19471,66,5.15075
17083,16882,66,7.77062
17083,17282,66,9.49682
17083,17082,66,12.3496
20258,20057,66,7.95029
20258,20457,66,9.30043
20258,20257,66,12.396
16892,16891,66,5.15075
19462,19261,66,7.95029
20058,19857,66,7.95029
20058,20257,66,9.30043
20058,20057,66,12.396
16687,16486,66,7.95029
20857,20656,66,7.95029
20857,21056,66,9.30043
20857,20856,66,12.396
17901,18102,66,3.55555
17901,17902,66,3.06409
21257,21056,66,7.95029
21257,21456,66,9.30043
21257,21256,66,12.396
19459,19258,66,7.95029
19459,19458,66,12.396
16896,16897,66,3.06409
21658,21657,66,5.15075
18301,18502,66,3.58144
18301,18302,66,3.05873
21858,21857,66,5.15075
17096,16897,66,3.30459
16684,16483,66,7.77062
19460,19259,66,7.95029
17090,16891,66,3.33878
16685,16484,66,7.95029
19870,19669,66,0.97389
19869,19668,66,0.97389
17098,16897,66,7.95029
19868,19667,66,0.97389
23093,23094,66,0.21072
19858,19657,66,7.95029
19858,20057,66,9.30043
19858,19857,66,12.396
17097,16897,66,4.53527
16897,16697,67,5.57515
16482,16282,67,5.57515
16482,16281,67,9.38466
16482,16681,67,7.9748
16482,16481,67,11.8764
16492,16292,67,5.57515
16492,16291,67,9.38466
16492,16491,67,11.8764
20257,20056,67,9.38466
20257,20456,67,7.9748
20257,20256,67,11.8764
16495,16295,67,5.47444
16495,16294,67,9.19131
16682,16481,67,9.38466
16682,16881,67,7.9748
16682,16681,67,11.8764
16882,16681,67,9.38466
16882,17081,67,7.9748
16882,16881,67,11.8764
16493,16293,67,5.47444
16493,16292,67,9.19131
20457,20256,67,9.38466
20457,20456,67,11.8764
20657,20456,67,9.38466
16494,16294,67,5.47444
16494,16293,67,9.19131
21656,21455,67,9.38466
21656,21855,67,7.9748
21656,21655,67,11.8764
19857,19656,67,9.38466
19857,20056,67,7.9748
19857,19856,67,11.8764
17682,17681,67,5.08854
20057,19856,67,9.38466
20057,20256,67,7.9748
20057,20056,67,11.8764
19457,19257,67,5.57515
19457,19256,67,9.38466
19457,19656,67,7.9748
19457,19456,67,11.8764
21256,21055,67,9.38466
21256,21455,67,7.9748
21256,21255,67,11.8764
21456,21255,67,9.38466
21456,21655,67,7.9748
21456,21455,67,11.8764
19657,19456,67,9.38466
19657,19856,67,7.9748
19657,19656,67,11.8764
17482,17281,67,9.19131
17482,17681,67,8.15723
17482,17481,67,11.917
20656,20456,67,5.57515
20656,20455,67,9.38466
20656,20855,67,7.9748
20656,20655,67,11.8764
20856,20655,67,9.38466
20856,21055,67,7.9748
20856,20855,67,11.8764
19259,19059,67,5.57515
19259,19058,67,9.38466
16486,16286,67,5.57515
16486,16285,67,9.38466
17282,17081,67,9.19131
17282,17481,67,8.15723
17282,17281,67,11.917
17883,17882,67,5.08854
19461,19262,67,3.84643
16696,16496,67,5.57515
16696,16497,67,3.84643
16696,16697,67,3.32032
16695,16496,67,3.84643
16686,16487,67,3.84643
19258,19058,67,5.57515
19258,19057,67,9.38466
19258,19257,67,11.8764
19462,19262,67,5.57515
19462,19263,67,3.84643
19664,19464,67,5.57515
19664,19465,67,3.84643
19664,19665,67,3.32032
18084,18083,67,5.08854
21056,20855,67,9.38466
21056,21255,67,7.9748
21056,21055,67,11.8764
16687,16487,67,5.57515
16687,16488,67,3.84643
17901,17702,67,3.84643
19458,19257,67,9.38466
16888,16689,67,3.84643
19663,19464,67,3.84643
16896,16697,67,3.84643
17499,17300,67,3.84643
16485,16285,67,5.57515
16485,16284,67,9.38466
17082,16881,67,9.19131
17082,17281,67,8.15723
17082,17081,67,11.917
19476,19275,67,1.56053
19864,19665,67,3.84643
19478,19277,67,1.56053
17500,17300,67,5.57515
17500,17301,67,3.84643
17500,17501,67,3.32032
17299,17099,67,5.57515
17299,17100,67,3.84643
17299,17300,67,3.32032
17700,17501,67,3.84643
17098,16898,67,5.57515
17098,16899,67,3.84643
17098,17099,67,3.32032
17298,17099,67,3.84643
17097,16898,67,3.81318
20455,20255,68,7.15734
16281,16081,68,7.15734
16281,16082,68,10.9492
16282,16082,68,7.04115
16282,16083,68,10.7803
16282,16283,68,10.4023
16295,16095,68,7.04115
16295,16096,68,10.7803
16295,16296,68,10.4023
16291,16091,68,7.15734
16291,16092,68,10.9492
16293,16093,68,7.04115
16293,16094,68,10.7803
16496,16296,68,7.04115
16496,16297,68,10.7803
16292,16092,68,7.04115
16292,16093,68,10.7803
16286,16086,68,7.15734
16286,16087,68,10.9492
16286,16287,68,10.2906
16697,16498,68,10.9492
16697,16698,68,10.2906
16497,16297,68,7.15734
16497,16298,68,10.9492
16497,16498,68,10.2906
16897,16698,68,10.9492
16482,16283,68,10.9492
16495,16296,68,10.7803
18481,18480,68,0.251229
18879,18878,68,0.251229
18282,18281,68,0.251229
22456,22455,68,0.251229
21656,21856,68,4.384
16487,16287,68,7.15734
16487,16288,68,10.9492
19057,18857,68,7.15734
19057,18858,68,10.9492
16691,16690,68,0.251229
19259,19060,68,10.9492
16486,16287,68,10.9492
19256,19056,68,7.15734
17100,16900,68,7.15734
17100,16901,68,10.9492
17100,17101,68,10.2906
21857,21856,68,0.251229
19058,18858,68,7.15734
19058,18859,68,10.9492
16488,16288,68,7.15734
16488,16289,68,10.9492
16488,16489,68,10.2906
22656,22655,68,0.251229
19471,19470,68,0.251229
19272,19271,68,0.251229
17300,17101,68,10.9492
19099,18899,68,0.753523
20099,19900,68,3.45154
20099,20100,68,2.43879
17099,16900,68,10.9492
20697,20498,68,3.45154
20697,20698,68,2.43879
19098,18899,68,3.45154
20897,20698,68,3.45154
20897,20898,68,2.43879
21495,21296,68,3.45154
21495,21496,68,2.43879
16899,16699,68,7.15734
16899,16700,68,10.9492
16899,16900,68,10.2906
20497,20498,68,2.61129
21695,21496,68,3.45154
21695,21696,68,2.43879
19499,19300,68,3.45154
19499,19500,68,2.43879
19699,19500,68,3.45154
19699,19700,68,2.43879
21895,21896,68,2.61129
21295,21296,68,2.43879
21096,21097,68,2.43879
22894,22895,68,3.15397
16898,16698,68,7.15734
16898,16699,68,10.9492
22694,22695,68,3.15397
19899,19700,68,3.45154
19899,19900,68,2.43879
19667,19666,68,0.251229
21097,21098,69,7.26874
21296,21297,69,7.26874
16096,15897,69,7.9905
16096,16097,69,17.138
21896,21897,69,7.36627
16092,15893,69,7.9905
16081,15882,69,8.16473
21496,21497,69,7.26874
16296,16097,69,7.9905
19700,19701,69,7.26874
18857,18658,69,8.16473
16287,16088,69,8.16473
19900,19901,69,7.26874
16091,15892,69,7.9905
21696,21697,69,7.36627
20100,20101,69,7.26874
16297,16098,69,7.9905
16083,16084,69,7.26874
19300,19301,69,7.26874
17501,17502,69,7.26874
16086,15887,69,8.16473
20455,20454,69,1.78973
19275,19276,69,7.26874
16481,16480,69,1.78973
16281,16280,69,1.78973
16681,16680,69,1.78973
19656,19655,69,1.78973
21455,21454,69,1.78973
16491,16490,69,1.78973
16881,16880,69,1.78973
16291,16290,69,1.78973
16087,15888,69,8.16473
16087,16088,69,17.098
17281,17280,69,1.79096
19456,19455,69,1.78973
21255,21254,69,1.78973
17301,17302,69,7.26874
19465,19466,69,7.26874
17702,17703,69,7.36627
19263,19264,69,7.26874
19856,19855,69,1.78973
21655,21654,69,1.78973
20655,20654,69,1.78973
20056,20055,69,1.78973
16288,16089,69,8.16473
18102,18103,69,7.26874
18302,18303,69,7.36627
17902,17903,69,7.26874
20855,20854,69,1.78973
17081,17080,69,1.79096
19256,19255,69,1.78973
21055,21054,69,1.78973
20698,20699,69,7.26874
18899,18900,69,7.36627
18502,18503,69,7.36627
16489,16290,69,8.16473
16489,16490,69,17.098
16289,16090,69,8.16473
16289,16490,69,7.09137
16289,16290,69,17.098
16700,16701,69,7.36627
20298,20299,69,7.26874
18701,18702,69,7.36627
19500,19501,69,7.26874
16901,16902,69,7.36627
17101,17102,69,7.26874
20498,20499,69,7.26874
16900,16701,69,7.9905
16698,16499,69,8.16473
22095,22096,69,7.36627
20898,20899,69,7.26874
19099,19100,69,7.36627
19299,19100,69,1.12614
16298,16099,69,7.9905
16298,16499,69,7.24633
16298,16299,69,17.138
16498,16299,69,8.16473
16498,16499,69,17.098
23094,23095,69,7.44446
22895,22896,69,7.46378
22495,22496,69,7.44446
22695,22696,69,7.46378
22295,22296,69,7.44446
16699,16500,69,8.16473
19264,19265,70,7.49933
18103,18104,70,7.2811
18303,18304,70,7.2811
22296,22297,70,6.98125
17302,17303,70,7.49933
21297,21298,70,7.49933
15893,15894,70,7.2811
21697,21698,70,7.2811
21497,21498,70,7.2811
17102,17103,70,7.2811
18702,18703,70,7.2811
17502,17503,70,7.49933
19301,19302,70,7.49933
17903,17904,70,7.49933
15897,15898,70,7.2811
15888,15889,70,7.49933
19466,19467,70,7.49933
17703,17704,70,7.49933
22896,22897,70,6.63468
16096,15896,70,2.54965
16081,15881,70,2.57983
16099,16300,70,8.58259
16099,16100,70,18.7808
18857,18657,70,2.57983
16091,15891,70,2.54965
16299,16300,70,18.7808
20299,20300,70,7.49933
16701,16702,70,7.2811
16086,15886,70,2.57983
20455,20254,70,1.68774
16281,16080,70,1.68774
17281,17480,70,1.83501
20899,20900,70,7.49933
19100,19101,70,7.2811
15882,15883,70,7.49933
19501,19502,70,7.49933
21655,21854,70,1.82655
16286,16085,70,1.68774
19901,19902,70,7.49933
19057,18856,70,1.68774
20101,20102,70,7.49933
19701,19702,70,7.49933
19056,18856,70,2.54965
16084,16085,70,7.49933
19256,19055,70,1.68774
16902,16903,70,7.49933
20499,20500,70,7.49933
18503,18504,70,7.2811
20699,20700,70,7.49933
18900,18901,70,7.2811
21098,21099,70,7.49933
22496,22497,70,6.63468
22696,22697,70,6.63468
16500,16501,70,7.2811
21897,22098,70,8.58259
21897,21898,70,18.7808
22096,22097,70,6.98125
15894,15895,71,7.93684
18104,18105,71,7.79885
19467,19468,71,7.93684
17704,17705,71,7.79885
17103,17104,71,7.79885
15889,15890,71,7.93684
17904,17905,71,7.79885
15898,15899,71,7.79885
21698,21699,71,7.5817
17303,17304,71,7.79885
17503,17504,71,7.93684
19302,19303,71,7.93684
18703,18704,71,7.79885
21498,21499,71,7.79885
19265,19266,71,7.93684
21298,21299,71,7.79885
18304,18305,71,7.79885
21854,22055,71,7.86935
16089,15890,71,6.74164
19902,19903,71,7.93684
20102,20103,71,7.93684
19101,19102,71,7.79885
20900,20901,71,7.93684
16090,15890,71,2.77902
16098,15899,71,6.42869
16300,16301,71,18.6217
16100,16301,71,8.04049
16100,16101,71,18.5461
20700,20701,71,7.93684
18901,18902,71,7.79885
16903,16904,71,7.93684
19702,19703,71,7.93684
19502,19503,71,7.93684
16099,15899,71,2.77902
16099,15900,71,6.60266
22098,22099,71,7.5817
21099,21100,71,7.93684
18504,18505,71,7.79885
15883,15884,71,7.93684
22497,22498,71,7.29942
20500,20501,71,7.93684
20300,20301,71,7.93684
16702,16703,71,7.93684
22297,22298,71,7.5817
22697,22698,71,7.29942
22897,22898,71,7.5817
16501,16502,71,7.79885
21898,22099,71,8.2708
21898,21899,71,18.415
18704,18705,72,7.9576
15900,15701,72,7.38055
15900,15901,72,18.3012
21699,21700,72,7.99327
18105,18106,72,7.9576
21299,21300,72,7.89097
17104,17105,72,7.89097
15884,15885,72,7.89097
18305,18306,72,7.9576
17304,17305,72,7.89097
21499,21500,72,7.9576
19266,19267,72,7.89097
17705,17706,72,7.9576
17504,17505,72,7.89097
19303,19304,72,7.89097
17905,17906,72,7.9576
15899,15700,72,7.585
22498,22499,72,7.96455
19468,19469,72,7.89097
19903,19904,72,7.89097
20254,20054,72,3.10371
19503,19504,72,7.89097
20701,20702,72,7.89097
18902,18903,72,7.89097
19703,19704,72,7.89097
16301,16302,72,7.89097
20901,20902,72,7.89097
19102,19103,72,7.89097
16080,15880,72,3.10371
16904,16905,72,7.89097
16101,15902,72,7.74825
16101,16102,72,18.2708
20103,20104,72,7.89097
21854,22054,72,2.92782
18505,18506,72,7.9576
19055,18855,72,3.10371
16100,15901,72,7.585
20501,20502,72,7.9576
21100,21101,72,7.89097
16081,15880,72,1.91939
18857,18656,72,1.91939
16502,16503,72,7.9576
21899,21900,72,7.96455
20255,20054,72,1.91939
16086,15885,72,1.91939
19275,19076,72,1.07525
22055,22056,72,7.89097
19277,19078,72,1.07525
18657,18457,72,3.10371
18657,18458,72,7.74825
22698,22699,72,7.99327
19263,19064,72,1.07525
18856,18656,72,3.06661
18879,18680,72,1.07525
19056,18855,72,1.90979
19262,19063,72,1.07525
16703,16704,72,7.9576
20301,20302,72,7.9576
19273,19074,72,1.07525
22298,22299,72,7.96455
19274,19075,72,1.07525
22099,22100,72,7.96455
19272,19073,72,1.07525
19668,19469,72,1.07525
15880,15681,73,12.7645
15701,15502,73,12.192
15701,15702,73,13.5149
15901,15702,73,12.5125
15902,15703,73,12.7645
15902,15903,73,13.0376
16102,15903,73,12.7645
16102,16103,73,13.0376
15899,15699,73,4.65182
20254,20253,73,1.87884
16080,16079,73,1.87884
21854,21853,73,1.87884
20055,19854,73,2.49713
16880,16679,73,2.49713
16880,17079,73,1.88465
16880,16879,73,1.87884
16480,16279,73,2.49713
16480,16679,73,1.88465
16480,16479,73,1.87884
19655,19454,73,2.49713
19655,19854,73,1.88465
19655,19654,73,1.87884
21454,21253,73,2.49713
21454,21653,73,1.88465
21454,21453,73,1.87884
16680,16479,73,2.49713
16680,16879,73,1.88465
